,description,nt_aa_compound,count,sample_count,lineage
22,3'-to-5' exonuclease,A18163G_I42V,480,500,omicron
77,3C-like proteinase,C10449A_P132H,500,500,omicron
125,ORF3a protein,C25584T_T64T,499,500,omicron
188,ORF6 protein,A27259C_R20R,447,500,omicron
267,ORF7b,C27807T_L18L,493,500,omicron
304,RNA-dependent RNA polymerase,C14408T_P323L,500,500,omicron
413,envelope protein,C26270T_T9I,499,500,omicron
542,membrane glycoprotein,G26709A_A63T,495,500,omicron
543,membrane glycoprotein,C26577G_Q19E,492,500,omicron
702,nsp3,C3037T_F106F,499,500,omicron
957,nsp4,C10029T_T492I,499,500,omicron
1076,nucleocapsid phosphoprotein,GGG28881AAC_G204.0R,500,500,omicron
1077,nucleocapsid phosphoprotein,GGG28881AAC_R203K,500,500,omicron
1078,nucleocapsid phosphoprotein,GGAGAACGCA28361G_E31del,489,500,omicron
1079,nucleocapsid phosphoprotein,GGAGAACGCA28361G_R32.0del,489,500,omicron
1080,nucleocapsid phosphoprotein,GGAGAACGCA28361G_S33.0del,489,500,omicron
1081,nucleocapsid phosphoprotein,C28311T_P13L,480,500,omicron
1165,surface glycoprotein,A23403G_D614G,500,500,omicron
1166,surface glycoprotein,A24424T_Q954H,500,500,omicron
1167,surface glycoprotein,C23525T_H655Y,500,500,omicron
1168,surface glycoprotein,C23604A_P681H,500,500,omicron
1169,surface glycoprotein,C25000T_D1146D,500,500,omicron
1170,surface glycoprotein,G23948T_D796Y,500,500,omicron
1171,surface glycoprotein,T23599G_N679K,500,500,omicron
1172,surface glycoprotein,T24469A_N969K,500,500,omicron
1173,surface glycoprotein,A23013C_E484A,490,500,omicron
1174,surface glycoprotein,C22995A_T478K,490,500,omicron
1175,surface glycoprotein,G22992A_S477N,490,500,omicron
1176,surface glycoprotein,A23055G_Q498R,476,500,omicron
1177,surface glycoprotein,A23063T_N501Y,475,500,omicron
1178,surface glycoprotein,T23075C_Y505H,475,500,omicron
1179,surface glycoprotein,C23854A_N764K,470,500,omicron
1180,surface glycoprotein,T22679C_S373P,470,500,omicron
1181,surface glycoprotein,C22686T_S375F,467,500,omicron
1182,surface glycoprotein,G22578A_G339D,463,500,omicron
